"filename", "language", "JavaScript", "PHP", "SQL", "XML", "SCSS", "JSON", "CSS", "Markdown", "YAML", "comment", "blank", "total"
"c:\Users\kukohfr\Desktop\webdesa\.styleci.yml", "YAML", 0, 0, 0, 0, 0, 0, 0, 0, 13, 0, 1, 14
"c:\Users\kukohfr\Desktop\webdesa\README.md", "Markdown", 0, 0, 0, 0, 0, 0, 0, 59, 0, 0, 20, 79
"c:\Users\kukohfr\Desktop\webdesa\app\Brita.php", "PHP", 0, 8, 0, 0, 0, 0, 0, 0, 0, 0, 5, 13
"c:\Users\kukohfr\Desktop\webdesa\app\Console\Kernel.php", "PHP", 0, 17, 0, 0, 0, 0, 0, 0, 0, 19, 7, 43
"c:\Users\kukohfr\Desktop\webdesa\app\Dandes.php", "PHP", 0, 8, 0, 0, 0, 0, 0, 0, 0, 0, 4, 12
"c:\Users\kukohfr\Desktop\webdesa\app\Exceptions\Handler.php", "PHP", 0, 17, 0, 0, 0, 0, 0, 0, 0, 9, 5, 31
"c:\Users\kukohfr\Desktop\webdesa\app\Galery.php", "PHP", 0, 7, 0, 0, 0, 0, 0, 0, 0, 0, 4, 11
"c:\Users\kukohfr\Desktop\webdesa\app\Grafik.php", "PHP", 0, 8, 0, 0, 0, 0, 0, 0, 0, 0, 4, 12
"c:\Users\kukohfr\Desktop\webdesa\app\Http\Controllers\Auth\ConfirmPasswordController.php", "PHP", 0, 14, 0, 0, 0, 0, 0, 0, 0, 20, 7, 41
"c:\Users\kukohfr\Desktop\webdesa\app\Http\Controllers\Auth\ForgotPasswordController.php", "PHP", 0, 8, 0, 0, 0, 0, 0, 0, 0, 10, 5, 23
"c:\Users\kukohfr\Desktop\webdesa\app\Http\Controllers\Auth\LoginController.php", "PHP", 0, 14, 0, 0, 0, 0, 0, 0, 0, 20, 7, 41
"c:\Users\kukohfr\Desktop\webdesa\app\Http\Controllers\Auth\RegisterController.php", "PHP", 0, 33, 0, 0, 0, 0, 0, 0, 0, 32, 9, 74
"c:\Users\kukohfr\Desktop\webdesa\app\Http\Controllers\Auth\ResetPasswordController.php", "PHP", 0, 10, 0, 0, 0, 0, 0, 0, 0, 15, 6, 31
"c:\Users\kukohfr\Desktop\webdesa\app\Http\Controllers\Auth\VerificationController.php", "PHP", 0, 16, 0, 0, 0, 0, 0, 0, 0, 20, 7, 43
"c:\Users\kukohfr\Desktop\webdesa\app\Http\Controllers\BritaController.php", "PHP", 0, 120, 0, 0, 0, 0, 0, 0, 0, 3, 65, 188
"c:\Users\kukohfr\Desktop\webdesa\app\Http\Controllers\Controller.php", "PHP", 0, 10, 0, 0, 0, 0, 0, 0, 0, 0, 4, 14
"c:\Users\kukohfr\Desktop\webdesa\app\Http\Controllers\DanadesaContrroller.php", "PHP", 0, 23, 0, 0, 0, 0, 0, 0, 0, 20, 17, 60
"c:\Users\kukohfr\Desktop\webdesa\app\Http\Controllers\DasboardContrroller.php", "PHP", 0, 14, 0, 0, 0, 0, 0, 0, 0, 0, 6, 20
"c:\Users\kukohfr\Desktop\webdesa\app\Http\Controllers\GaleryController.php", "PHP", 0, 54, 0, 0, 0, 0, 0, 0, 0, 3, 36, 93
"c:\Users\kukohfr\Desktop\webdesa\app\Http\Controllers\GrafikController.php", "PHP", 0, 52, 0, 0, 0, 0, 0, 0, 0, 3, 37, 92
"c:\Users\kukohfr\Desktop\webdesa\app\Http\Controllers\KeuanganController.php", "PHP", 0, 117, 0, 0, 0, 0, 0, 0, 0, 25, 60, 202
"c:\Users\kukohfr\Desktop\webdesa\app\Http\Controllers\PageController.php", "PHP", 0, 86, 0, 0, 0, 0, 0, 0, 0, 0, 39, 125
"c:\Users\kukohfr\Desktop\webdesa\app\Http\Controllers\PemasukanController.php", "PHP", 0, 86, 0, 0, 0, 0, 0, 0, 0, 4, 45, 135
"c:\Users\kukohfr\Desktop\webdesa\app\Http\Controllers\PendudukController.php", "PHP", 0, 72, 0, 0, 0, 0, 0, 0, 0, 4, 37, 113
"c:\Users\kukohfr\Desktop\webdesa\app\Http\Controllers\PengluaranController.php", "PHP", 0, 84, 0, 0, 0, 0, 0, 0, 0, 4, 40, 128
"c:\Users\kukohfr\Desktop\webdesa\app\Http\Controllers\PotensiController.php", "PHP", 0, 59, 0, 0, 0, 0, 0, 0, 0, 3, 41, 103
"c:\Users\kukohfr\Desktop\webdesa\app\Http\Controllers\ProductAjaxController.php", "PHP", 0, 40, 0, 0, 0, 0, 0, 0, 0, 42, 50, 132
"c:\Users\kukohfr\Desktop\webdesa\app\Http\Controllers\QuetesController.php", "PHP", 0, 52, 0, 0, 0, 0, 0, 0, 0, 3, 30, 85
"c:\Users\kukohfr\Desktop\webdesa\app\Http\Controllers\SejarahController.php", "PHP", 0, 29, 0, 0, 0, 0, 0, 0, 0, 1, 26, 56
"c:\Users\kukohfr\Desktop\webdesa\app\Http\Controllers\ServicesController.php", "PHP", 0, 28, 0, 0, 0, 0, 0, 0, 0, 48, 10, 86
"c:\Users\kukohfr\Desktop\webdesa\app\Http\Controllers\SliderControoler.php", "PHP", 0, 57, 0, 0, 0, 0, 0, 0, 0, 3, 35, 95
"c:\Users\kukohfr\Desktop\webdesa\app\Http\Controllers\StrukturdesaController.php", "PHP", 0, 55, 0, 0, 0, 0, 0, 0, 0, 3, 34, 92
"c:\Users\kukohfr\Desktop\webdesa\app\Http\Controllers\UserController.php", "PHP", 0, 93, 0, 0, 0, 0, 0, 0, 0, 4, 44, 141
"c:\Users\kukohfr\Desktop\webdesa\app\Http\Controllers\WebController.php", "PHP", 0, 66, 0, 0, 0, 0, 0, 0, 0, 3, 32, 101
"c:\Users\kukohfr\Desktop\webdesa\app\Http\Kernel.php", "PHP", 0, 49, 0, 0, 0, 0, 0, 0, 0, 27, 9, 85
"c:\Users\kukohfr\Desktop\webdesa\app\Http\Middleware\Authenticate.php", "PHP", 0, 12, 0, 0, 0, 0, 0, 0, 0, 6, 4, 22
"c:\Users\kukohfr\Desktop\webdesa\app\Http\Middleware\CekRole.php", "PHP", 0, 13, 0, 0, 0, 0, 0, 0, 0, 7, 4, 24
"c:\Users\kukohfr\Desktop\webdesa\app\Http\Middleware\CheckForMaintenanceMode.php", "PHP", 0, 8, 0, 0, 0, 0, 0, 0, 0, 6, 4, 18
"c:\Users\kukohfr\Desktop\webdesa\app\Http\Middleware\EncryptCookies.php", "PHP", 0, 8, 0, 0, 0, 0, 0, 0, 0, 6, 4, 18
"c:\Users\kukohfr\Desktop\webdesa\app\Http\Middleware\RedirectIfAuthenticated.php", "PHP", 0, 15, 0, 0, 0, 0, 0, 0, 0, 8, 5, 28
"c:\Users\kukohfr\Desktop\webdesa\app\Http\Middleware\TrimStrings.php", "PHP", 0, 10, 0, 0, 0, 0, 0, 0, 0, 5, 4, 19
"c:\Users\kukohfr\Desktop\webdesa\app\Http\Middleware\TrustProxies.php", "PHP", 0, 14, 0, 0, 0, 0, 0, 0, 0, 10, 5, 29
"c:\Users\kukohfr\Desktop\webdesa\app\Http\Middleware\VerifyCsrfToken.php", "PHP", 0, 9, 0, 0, 0, 0, 0, 0, 0, 11, 5, 25
"c:\Users\kukohfr\Desktop\webdesa\app\Imports\Ipenduduk.php", "PHP", 0, 22, 0, 0, 0, 0, 0, 0, 0, 6, 5, 33
"c:\Users\kukohfr\Desktop\webdesa\app\Imports\Pemasukann.php", "PHP", 0, 19, 0, 0, 0, 0, 0, 0, 0, 5, 4, 28
"c:\Users\kukohfr\Desktop\webdesa\app\Imports\Pengeluaran.php", "PHP", 0, 19, 0, 0, 0, 0, 0, 0, 0, 5, 4, 28
"c:\Users\kukohfr\Desktop\webdesa\app\KomentarBrita.php", "PHP", 0, 8, 0, 0, 0, 0, 0, 0, 0, 0, 5, 13
"c:\Users\kukohfr\Desktop\webdesa\app\Pemasukan.php", "PHP", 0, 8, 0, 0, 0, 0, 0, 0, 0, 0, 4, 12
"c:\Users\kukohfr\Desktop\webdesa\app\Penduduk.php", "PHP", 0, 9, 0, 0, 0, 0, 0, 0, 0, 1, 4, 14
"c:\Users\kukohfr\Desktop\webdesa\app\Pengluaran.php", "PHP", 0, 8, 0, 0, 0, 0, 0, 0, 0, 0, 4, 12
"c:\Users\kukohfr\Desktop\webdesa\app\Potensi.php", "PHP", 0, 8, 0, 0, 0, 0, 0, 0, 0, 0, 4, 12
"c:\Users\kukohfr\Desktop\webdesa\app\Product.php", "PHP", 0, 9, 0, 0, 0, 0, 0, 0, 0, 0, 14, 23
"c:\Users\kukohfr\Desktop\webdesa\app\Providers\AppServiceProvider.php", "PHP", 0, 12, 0, 0, 0, 0, 0, 0, 0, 12, 5, 29
"c:\Users\kukohfr\Desktop\webdesa\app\Providers\AuthServiceProvider.php", "PHP", 0, 13, 0, 0, 0, 0, 0, 0, 0, 12, 6, 31
"c:\Users\kukohfr\Desktop\webdesa\app\Providers\BroadcastServiceProvider.php", "PHP", 0, 12, 0, 0, 0, 0, 0, 0, 0, 5, 5, 22
"c:\Users\kukohfr\Desktop\webdesa\app\Providers\EventServiceProvider.php", "PHP", 0, 18, 0, 0, 0, 0, 0, 0, 0, 11, 6, 35
"c:\Users\kukohfr\Desktop\webdesa\app\Providers\RouteServiceProvider.php", "PHP", 0, 31, 0, 0, 0, 0, 0, 0, 0, 38, 12, 81
"c:\Users\kukohfr\Desktop\webdesa\app\Quetes.php", "PHP", 0, 8, 0, 0, 0, 0, 0, 0, 0, 0, 4, 12
"c:\Users\kukohfr\Desktop\webdesa\app\Services.php", "PHP", 0, 6, 0, 0, 0, 0, 0, 0, 0, 1, 4, 11
"c:\Users\kukohfr\Desktop\webdesa\app\Slider.php", "PHP", 0, 8, 0, 0, 0, 0, 0, 0, 0, 0, 4, 12
"c:\Users\kukohfr\Desktop\webdesa\app\Structurdesa.php", "PHP", 0, 8, 0, 0, 0, 0, 0, 0, 0, 0, 5, 13
"c:\Users\kukohfr\Desktop\webdesa\app\User.php", "PHP", 0, 23, 0, 0, 0, 0, 0, 0, 0, 15, 7, 45
"c:\Users\kukohfr\Desktop\webdesa\app\Webs.php", "PHP", 0, 8, 0, 0, 0, 0, 0, 0, 0, 0, 4, 12
"c:\Users\kukohfr\Desktop\webdesa\bootstrap\app.php", "PHP", 0, 17, 0, 0, 0, 0, 0, 0, 0, 30, 9, 56
"c:\Users\kukohfr\Desktop\webdesa\composer.json", "JSON", 0, 0, 0, 0, 0, 69, 0, 0, 0, 0, 1, 70
"c:\Users\kukohfr\Desktop\webdesa\composer.lock", "JSON", 0, 0, 0, 0, 0, 9090, 0, 0, 0, 0, 1, 9091
"c:\Users\kukohfr\Desktop\webdesa\config\app.php", "PHP", 0, 85, 0, 0, 0, 0, 0, 0, 0, 120, 31, 236
"c:\Users\kukohfr\Desktop\webdesa\config\auth.php", "PHP", 0, 33, 0, 0, 0, 0, 0, 0, 0, 70, 15, 118
"c:\Users\kukohfr\Desktop\webdesa\config\broadcasting.php", "PHP", 0, 26, 0, 0, 0, 0, 0, 0, 0, 22, 12, 60
"c:\Users\kukohfr\Desktop\webdesa\config\cache.php", "PHP", 0, 52, 0, 0, 0, 0, 0, 0, 0, 34, 18, 104
"c:\Users\kukohfr\Desktop\webdesa\config\database.php", "PHP", 0, 81, 0, 0, 0, 0, 0, 0, 0, 45, 22, 148
"c:\Users\kukohfr\Desktop\webdesa\config\excel.php", "PHP", 0, 58, 0, 0, 0, 0, 0, 0, 0, 107, 22, 187
"c:\Users\kukohfr\Desktop\webdesa\config\filesystems.php", "PHP", 0, 25, 0, 0, 0, 0, 0, 0, 0, 32, 13, 70
"c:\Users\kukohfr\Desktop\webdesa\config\hashing.php", "PHP", 0, 12, 0, 0, 0, 0, 0, 0, 0, 32, 9, 53
"c:\Users\kukohfr\Desktop\webdesa\config\logging.php", "PHP", 0, 64, 0, 0, 0, 0, 0, 0, 0, 24, 17, 105
"c:\Users\kukohfr\Desktop\webdesa\config\mail.php", "PHP", 0, 21, 0, 0, 0, 0, 0, 0, 0, 93, 23, 137
"c:\Users\kukohfr\Desktop\webdesa\config\queue.php", "PHP", 0, 42, 0, 0, 0, 0, 0, 0, 0, 32, 15, 89
"c:\Users\kukohfr\Desktop\webdesa\config\services.php", "PHP", 0, 16, 0, 0, 0, 0, 0, 0, 0, 11, 7, 34
"c:\Users\kukohfr\Desktop\webdesa\config\session.php", "PHP", 0, 22, 0, 0, 0, 0, 0, 0, 0, 145, 33, 200
"c:\Users\kukohfr\Desktop\webdesa\config\view.php", "PHP", 0, 10, 0, 0, 0, 0, 0, 0, 0, 20, 7, 37
"c:\Users\kukohfr\Desktop\webdesa\database\factories\UserFactory.php", "PHP", 0, 13, 0, 0, 0, 0, 0, 0, 0, 11, 5, 29
"c:\Users\kukohfr\Desktop\webdesa\database\migrations\2014_10_12_000000_create_users_table.php", "PHP", 0, 23, 0, 0, 0, 0, 0, 0, 0, 10, 4, 37
"c:\Users\kukohfr\Desktop\webdesa\database\migrations\2014_10_12_100000_create_password_resets_table.php", "PHP", 0, 19, 0, 0, 0, 0, 0, 0, 0, 10, 4, 33
"c:\Users\kukohfr\Desktop\webdesa\database\migrations\2019_08_19_000000_create_failed_jobs_table.php", "PHP", 0, 22, 0, 0, 0, 0, 0, 0, 0, 10, 4, 36
"c:\Users\kukohfr\Desktop\webdesa\database\migrations\2020_01_31_072035_create_products_table.php", "PHP", 0, 20, 0, 0, 0, 0, 0, 0, 0, 10, 7, 37
"c:\Users\kukohfr\Desktop\webdesa\database\migrations\2020_02_01_093929_create_table_brita_table.php", "PHP", 0, 23, 0, 0, 0, 0, 0, 0, 0, 10, 4, 37
"c:\Users\kukohfr\Desktop\webdesa\database\migrations\2020_02_01_103355_create_galery_table.php", "PHP", 0, 20, 0, 0, 0, 0, 0, 0, 0, 10, 4, 34
"c:\Users\kukohfr\Desktop\webdesa\database\migrations\2020_02_01_103528_create_potensi_desa_table.php", "PHP", 0, 23, 0, 0, 0, 0, 0, 0, 0, 10, 4, 37
"c:\Users\kukohfr\Desktop\webdesa\database\migrations\2020_02_01_103608_create_penduduk_table.php", "PHP", 0, 27, 0, 0, 0, 0, 0, 0, 0, 10, 5, 42
"c:\Users\kukohfr\Desktop\webdesa\database\migrations\2020_02_01_103713_create_dana_desa_table.php", "PHP", 0, 19, 0, 0, 0, 0, 0, 0, 0, 10, 4, 33
"c:\Users\kukohfr\Desktop\webdesa\database\migrations\2020_02_01_103755_create_structur_desa_table.php", "PHP", 0, 22, 0, 0, 0, 0, 0, 0, 0, 10, 4, 36
"c:\Users\kukohfr\Desktop\webdesa\database\migrations\2020_02_02_025500_create_pengluaran_dasa_table.php", "PHP", 0, 23, 0, 0, 0, 0, 0, 0, 0, 10, 4, 37
"c:\Users\kukohfr\Desktop\webdesa\database\migrations\2020_02_02_025512_create_pemasukan_desa_table.php", "PHP", 0, 23, 0, 0, 0, 0, 0, 0, 0, 10, 5, 38
"c:\Users\kukohfr\Desktop\webdesa\database\migrations\2020_02_12_014910_create_komentar_brita_table.php", "PHP", 0, 21, 0, 0, 0, 0, 0, 0, 0, 10, 4, 35
"c:\Users\kukohfr\Desktop\webdesa\database\migrations\2020_02_12_032630_create_slider_table.php", "PHP", 0, 22, 0, 0, 0, 0, 0, 0, 0, 10, 5, 37
"c:\Users\kukohfr\Desktop\webdesa\database\migrations\2020_02_12_052124_create_web_setting_table.php", "PHP", 0, 26, 0, 0, 0, 0, 0, 0, 0, 10, 5, 41
"c:\Users\kukohfr\Desktop\webdesa\database\migrations\2020_02_13_000130_create_quetes_table.php", "PHP", 0, 21, 0, 0, 0, 0, 0, 0, 0, 10, 5, 36
"c:\Users\kukohfr\Desktop\webdesa\database\migrations\2020_04_15_003233_create_table_services.php", "PHP", 0, 21, 0, 0, 0, 0, 0, 0, 0, 10, 5, 36
"c:\Users\kukohfr\Desktop\webdesa\database\seeds\DatabaseSeeder.php", "PHP", 0, 8, 0, 0, 0, 0, 0, 0, 0, 6, 3, 17
"c:\Users\kukohfr\Desktop\webdesa\index.php", "PHP", 0, 8, 0, 0, 0, 0, 0, 0, 0, 9, 5, 22
"c:\Users\kukohfr\Desktop\webdesa\package.json", "JSON", 0, 0, 0, 0, 0, 21, 0, 0, 0, 0, 1, 22
"c:\Users\kukohfr\Desktop\webdesa\phpunit.xml", "XML", 0, 0, 0, 36, 0, 0, 0, 0, 0, 0, 2, 38
"c:\Users\kukohfr\Desktop\webdesa\public\assets\css\app-rtl.css", "CSS", 0, 0, 0, 0, 0, 0, 4617, 0, 0, 27, 570, 5214
"c:\Users\kukohfr\Desktop\webdesa\public\assets\css\app-rtl.min.css", "CSS", 0, 0, 0, 0, 0, 0, 2, 0, 0, 6, 1, 9
"c:\Users\kukohfr\Desktop\webdesa\public\assets\css\app.css", "CSS", 0, 0, 0, 0, 0, 0, 2648, 0, 0, 23, 330, 3001
"c:\Users\kukohfr\Desktop\webdesa\public\assets\css\app.min.css", "CSS", 0, 0, 0, 0, 0, 0, 2, 0, 0, 6, 1, 9
"c:\Users\kukohfr\Desktop\webdesa\public\assets\css\bootstrap.css", "CSS", 0, 0, 0, 0, 0, 0, 8062, 0, 0, 15, 945, 9022
"c:\Users\kukohfr\Desktop\webdesa\public\assets\css\bootstrap.min.css", "CSS", 0, 0, 0, 0, 0, 0, 2, 0, 0, 5, 1, 8
"c:\Users\kukohfr\Desktop\webdesa\public\assets\css\icons.css", "CSS", 0, 0, 0, 0, 0, 0, 13191, 0, 0, 139, 6476, 19806
"c:\Users\kukohfr\Desktop\webdesa\public\assets\css\icons.min.css", "CSS", 0, 0, 0, 0, 0, 0, 2, 0, 0, 14, 1, 17
"c:\Users\kukohfr\Desktop\webdesa\public\assets\data\ajax_children.json", "JSON", 0, 0, 0, 0, 0, 1, 0, 0, 0, 0, 0, 1
"c:\Users\kukohfr\Desktop\webdesa\public\assets\data\ajax_roots.json", "JSON", 0, 0, 0, 0, 0, 8, 0, 0, 0, 0, 0, 8
"c:\Users\kukohfr\Desktop\webdesa\public\assets\fonts\Simple-Line-Icons.svg", "XML", 0, 0, 0, 200, 0, 0, 0, 0, 0, 0, 1, 201
"c:\Users\kukohfr\Desktop\webdesa\public\assets\fonts\dripicons-v2.svg", "XML", 0, 0, 0, 209, 0, 0, 0, 0, 0, 0, 2, 211
"c:\Users\kukohfr\Desktop\webdesa\public\assets\fonts\dropify.svg", "XML", 0, 0, 0, 13, 0, 0, 0, 0, 0, 0, 0, 13
"c:\Users\kukohfr\Desktop\webdesa\public\assets\fonts\fa-brands-400.svg", "XML", 0, 0, 0, 3296, 0, 0, 0, 0, 0, 4, 1, 3301
"c:\Users\kukohfr\Desktop\webdesa\public\assets\fonts\fa-regular-400.svg", "XML", 0, 0, 0, 799, 0, 0, 0, 0, 0, 4, 1, 804
"c:\Users\kukohfr\Desktop\webdesa\public\assets\fonts\fa-solid-900.svg", "XML", 0, 0, 0, 4516, 0, 0, 0, 0, 0, 4, 1, 4521
"c:\Users\kukohfr\Desktop\webdesa\public\assets\fonts\feather.svg", "XML", 0, 0, 0, 295, 0, 0, 0, 0, 0, 3, 552, 850
"c:\Users\kukohfr\Desktop\webdesa\public\assets\fonts\footable.svg", "XML", 0, 0, 0, 78, 0, 0, 0, 0, 0, 0, 0, 78
"c:\Users\kukohfr\Desktop\webdesa\public\assets\fonts\line-awesome.svg", "XML", 0, 0, 0, 2624, 0, 0, 0, 0, 0, 3, 2, 2629
"c:\Users\kukohfr\Desktop\webdesa\public\assets\fonts\materialdesignicons-webfont.svg", "XML", 0, 0, 0, 11097, 0, 0, 0, 0, 0, 0, 1, 11098
"c:\Users\kukohfr\Desktop\webdesa\public\assets\js\app.js", "JavaScript", 203, 0, 0, 0, 0, 0, 0, 0, 0, 44, 40, 287
"c:\Users\kukohfr\Desktop\webdesa\public\assets\js\app.min.js", "JavaScript", 1, 0, 0, 0, 0, 0, 0, 0, 0, 1, 1, 3
"c:\Users\kukohfr\Desktop\webdesa\public\assets\js\jquery.validate.js", "JavaScript", 1222, 0, 0, 0, 0, 0, 0, 0, 0, 187, 241, 1650
"c:\Users\kukohfr\Desktop\webdesa\public\assets\js\pages\calendar.init.js", "JavaScript", 1, 0, 0, 0, 0, 0, 0, 0, 0, 0, 0, 1
"c:\Users\kukohfr\Desktop\webdesa\public\assets\js\pages\chartist.init.js", "JavaScript", 1, 0, 0, 0, 0, 0, 0, 0, 0, 0, 0, 1
"c:\Users\kukohfr\Desktop\webdesa\public\assets\js\pages\chartjs.init.js", "JavaScript", 1, 0, 0, 0, 0, 0, 0, 0, 0, 0, 0, 1
"c:\Users\kukohfr\Desktop\webdesa\public\assets\js\pages\dashboard.init.js", "JavaScript", 1, 0, 0, 0, 0, 0, 0, 0, 0, 0, 0, 1
"c:\Users\kukohfr\Desktop\webdesa\public\assets\js\pages\datatables.init.js", "JavaScript", 1, 0, 0, 0, 0, 0, 0, 0, 0, 0, 0, 1
"c:\Users\kukohfr\Desktop\webdesa\public\assets\js\pages\flot.init.js", "JavaScript", 1, 0, 0, 0, 0, 0, 0, 0, 0, 0, 0, 1
"c:\Users\kukohfr\Desktop\webdesa\public\assets\js\pages\form-advanced.init.js", "JavaScript", 1, 0, 0, 0, 0, 0, 0, 0, 0, 0, 0, 1
"c:\Users\kukohfr\Desktop\webdesa\public\assets\js\pages\form-summernote.init.js", "JavaScript", 1, 0, 0, 0, 0, 0, 0, 0, 0, 0, 0, 1
"c:\Users\kukohfr\Desktop\webdesa\public\assets\js\pages\form-validation.init.js", "JavaScript", 1, 0, 0, 0, 0, 0, 0, 0, 0, 0, 0, 1
"c:\Users\kukohfr\Desktop\webdesa\public\assets\js\pages\form-wizard.init.js", "JavaScript", 1, 0, 0, 0, 0, 0, 0, 0, 0, 0, 0, 1
"c:\Users\kukohfr\Desktop\webdesa\public\assets\js\pages\google-maps.init.js", "JavaScript", 1, 0, 0, 0, 0, 0, 0, 0, 0, 0, 0, 1
"c:\Users\kukohfr\Desktop\webdesa\public\assets\js\pages\jqvector-maps.init.js", "JavaScript", 1, 0, 0, 0, 0, 0, 0, 0, 0, 0, 0, 1
"c:\Users\kukohfr\Desktop\webdesa\public\assets\js\pages\range-sliders.init.js", "JavaScript", 1, 0, 0, 0, 0, 0, 0, 0, 0, 0, 0, 1
"c:\Users\kukohfr\Desktop\webdesa\public\assets\js\pages\responsive-table.init.js", "JavaScript", 1, 0, 0, 0, 0, 0, 0, 0, 0, 0, 0, 1
"c:\Users\kukohfr\Desktop\webdesa\public\assets\js\pages\sparkline.init.js", "JavaScript", 1, 0, 0, 0, 0, 0, 0, 0, 0, 0, 0, 1
"c:\Users\kukohfr\Desktop\webdesa\public\assets\js\pages\sweet-alerts.init.js", "JavaScript", 1, 0, 0, 0, 0, 0, 0, 0, 0, 0, 0, 1
"c:\Users\kukohfr\Desktop\webdesa\public\assets\js\pages\toastr.init.js", "JavaScript", 1, 0, 0, 0, 0, 0, 0, 0, 0, 0, 0, 1
"c:\Users\kukohfr\Desktop\webdesa\public\assets\js\vendor.js", "JavaScript", 12120, 0, 0, 0, 0, 0, 0, 0, 0, 3281, 3404, 18805
"c:\Users\kukohfr\Desktop\webdesa\public\assets\js\vendor.min.js", "JavaScript", 1, 0, 0, 0, 0, 0, 0, 0, 0, 1, 1, 3
"c:\Users\kukohfr\Desktop\webdesa\public\assets\libs\bootstrap-colorpicker\bootstrap-colorpicker.min.css", "CSS", 0, 0, 0, 0, 0, 0, 1, 0, 0, 8, 1, 10
"c:\Users\kukohfr\Desktop\webdesa\public\assets\libs\bootstrap-colorpicker\bootstrap-colorpicker.min.js", "JavaScript", 1, 0, 0, 0, 0, 0, 0, 0, 0, 9, 0, 10
"c:\Users\kukohfr\Desktop\webdesa\public\assets\libs\bootstrap-datepicker\bootstrap-datepicker.min.css", "CSS", 0, 0, 0, 0, 0, 0, 1, 0, 0, 5, 1, 7
"c:\Users\kukohfr\Desktop\webdesa\public\assets\libs\bootstrap-datepicker\bootstrap-datepicker.min.js", "JavaScript", 2, 0, 0, 0, 0, 0, 0, 0, 0, 5, 1, 8
"c:\Users\kukohfr\Desktop\webdesa\public\assets\libs\bootstrap-daterangepicker\daterangepicker.css", "CSS", 0, 0, 0, 0, 0, 0, 337, 0, 0, 1, 73, 411
"c:\Users\kukohfr\Desktop\webdesa\public\assets\libs\bootstrap-daterangepicker\daterangepicker.js", "JavaScript", 1158, 0, 0, 0, 0, 0, 0, 0, 0, 115, 293, 1566
"c:\Users\kukohfr\Desktop\webdesa\public\assets\libs\bootstrap-maxlength\bootstrap-maxlength.min.js", "JavaScript", 1, 0, 0, 0, 0, 0, 0, 0, 0, 8, 1, 10
"c:\Users\kukohfr\Desktop\webdesa\public\assets\libs\bootstrap-select\bootstrap-select.min.css", "CSS", 0, 0, 0, 0, 0, 0, 1, 0, 0, 5, 0, 6
"c:\Users\kukohfr\Desktop\webdesa\public\assets\libs\bootstrap-select\bootstrap-select.min.js", "JavaScript", 1, 0, 0, 0, 0, 0, 0, 0, 0, 7, 1, 9
"c:\Users\kukohfr\Desktop\webdesa\public\assets\libs\bootstrap-tagsinput\bootstrap-tagsinput.css", "CSS", 0, 0, 0, 0, 0, 0, 55, 0, 0, 4, 2, 61
"c:\Users\kukohfr\Desktop\webdesa\public\assets\libs\bootstrap-tagsinput\bootstrap-tagsinput.min.js", "JavaScript", 1, 0, 0, 0, 0, 0, 0, 0, 0, 5, 1, 7
"c:\Users\kukohfr\Desktop\webdesa\public\assets\libs\bootstrap-timepicker\bootstrap-timepicker.min.css", "CSS", 0, 0, 0, 0, 0, 0, 1, 0, 0, 9, 0, 10
"c:\Users\kukohfr\Desktop\webdesa\public\assets\libs\bootstrap-timepicker\bootstrap-timepicker.min.js", "JavaScript", 1, 0, 0, 0, 0, 0, 0, 0, 0, 4, 0, 5
"c:\Users\kukohfr\Desktop\webdesa\public\assets\libs\chart-js\Chart.bundle.min.js", "JavaScript", 1, 0, 0, 0, 0, 0, 0, 0, 0, 9, 0, 10
"c:\Users\kukohfr\Desktop\webdesa\public\assets\libs\chartist\chartist-plugin-tooltip.min.js", "JavaScript", 1, 0, 0, 0, 0, 0, 0, 0, 0, 6, 1, 8
"c:\Users\kukohfr\Desktop\webdesa\public\assets\libs\chartist\chartist.min.css", "CSS", 0, 0, 0, 0, 0, 0, 1, 0, 0, 0, 0, 1
"c:\Users\kukohfr\Desktop\webdesa\public\assets\libs\chartist\chartist.min.js", "JavaScript", 2, 0, 0, 0, 0, 0, 0, 0, 0, 7, 1, 10
"c:\Users\kukohfr\Desktop\webdesa\public\assets\libs\custombox\custombox.min.css", "CSS", 0, 0, 0, 0, 0, 0, 1, 0, 0, 8, 0, 9
"c:\Users\kukohfr\Desktop\webdesa\public\assets\libs\custombox\custombox.min.js", "JavaScript", 1, 0, 0, 0, 0, 0, 0, 0, 0, 8, 0, 9
"c:\Users\kukohfr\Desktop\webdesa\public\assets\libs\datatables\buttons.bootstrap4.min.css", "CSS", 0, 0, 0, 0, 0, 0, 1, 0, 0, 0, 1, 2
"c:\Users\kukohfr\Desktop\webdesa\public\assets\libs\datatables\buttons.bootstrap4.min.js", "JavaScript", 2, 0, 0, 0, 0, 0, 0, 0, 0, 4, 1, 7
"c:\Users\kukohfr\Desktop\webdesa\public\assets\libs\datatables\buttons.flash.min.js", "JavaScript", 32, 0, 0, 0, 0, 0, 0, 0, 0, 0, 1, 33
"c:\Users\kukohfr\Desktop\webdesa\public\assets\libs\datatables\buttons.html5.min.js", "JavaScript", 28, 0, 0, 0, 0, 0, 0, 0, 0, 0, 1, 29
"c:\Users\kukohfr\Desktop\webdesa\public\assets\libs\datatables\buttons.print.min.js", "JavaScript", 5, 0, 0, 0, 0, 0, 0, 0, 0, 0, 1, 6
"c:\Users\kukohfr\Desktop\webdesa\public\assets\libs\datatables\dataTables.bootstrap4.min.css", "CSS", 0, 0, 0, 0, 0, 0, 1, 0, 0, 0, 1, 2
"c:\Users\kukohfr\Desktop\webdesa\public\assets\libs\datatables\dataTables.bootstrap4.min.js", "JavaScript", 4, 0, 0, 0, 0, 0, 0, 0, 0, 4, 1, 9
"c:\Users\kukohfr\Desktop\webdesa\public\assets\libs\datatables\dataTables.buttons.min.js", "JavaScript", 37, 0, 0, 0, 0, 0, 0, 0, 0, 4, 1, 42
"c:\Users\kukohfr\Desktop\webdesa\public\assets\libs\datatables\dataTables.colVis.min.js", "JavaScript", 20, 0, 0, 0, 0, 0, 0, 0, 0, 4, 0, 24
"c:\Users\kukohfr\Desktop\webdesa\public\assets\libs\datatables\dataTables.keyTable.min.js", "JavaScript", 20, 0, 0, 0, 0, 0, 0, 0, 0, 4, 1, 25
"c:\Users\kukohfr\Desktop\webdesa\public\assets\libs\datatables\dataTables.responsive.min.js", "JavaScript", 26, 0, 0, 0, 0, 0, 0, 0, 0, 4, 1, 31
"c:\Users\kukohfr\Desktop\webdesa\public\assets\libs\datatables\dataTables.select.min.js", "JavaScript", 23, 0, 0, 0, 0, 0, 0, 0, 0, 4, 1, 28
"c:\Users\kukohfr\Desktop\webdesa\public\assets\libs\datatables\jquery.dataTables.min.js", "JavaScript", 162, 0, 0, 0, 0, 0, 0, 0, 0, 4, 1, 167
"c:\Users\kukohfr\Desktop\webdesa\public\assets\libs\datatables\responsive.bootstrap4.min.css", "CSS", 0, 0, 0, 0, 0, 0, 1, 0, 0, 0, 1, 2
"c:\Users\kukohfr\Desktop\webdesa\public\assets\libs\datatables\responsive.bootstrap4.min.js", "JavaScript", 2, 0, 0, 0, 0, 0, 0, 0, 0, 4, 1, 7
"c:\Users\kukohfr\Desktop\webdesa\public\assets\libs\datatables\select.bootstrap4.min.css", "CSS", 0, 0, 0, 0, 0, 0, 1, 0, 0, 0, 1, 2
"c:\Users\kukohfr\Desktop\webdesa\public\assets\libs\dropzone\dropzone.min.css", "CSS", 0, 0, 0, 0, 0, 0, 1, 0, 0, 0, 1, 2
"c:\Users\kukohfr\Desktop\webdesa\public\assets\libs\dropzone\dropzone.min.js", "JavaScript", 2, 0, 0, 0, 0, 0, 0, 0, 0, 0, 0, 2
"c:\Users\kukohfr\Desktop\webdesa\public\assets\libs\flot-charts\jquery.flot.crosshair.js", "JavaScript", 94, 0, 0, 0, 0, 0, 0, 0, 0, 60, 23, 177
"c:\Users\kukohfr\Desktop\webdesa\public\assets\libs\flot-charts\jquery.flot.js", "JavaScript", 2239, 0, 0, 0, 0, 0, 0, 0, 0, 404, 526, 3169
"c:\Users\kukohfr\Desktop\webdesa\public\assets\libs\flot-charts\jquery.flot.orderBars.js", "JavaScript", 134, 0, 0, 0, 0, 0, 0, 0, 0, 32, 35, 201
"c:\Users\kukohfr\Desktop\webdesa\public\assets\libs\flot-charts\jquery.flot.pie.js", "JavaScript", 526, 0, 0, 0, 0, 0, 0, 0, 0, 128, 167, 821
"c:\Users\kukohfr\Desktop\webdesa\public\assets\libs\flot-charts\jquery.flot.resize.js", "JavaScript", 28, 0, 0, 0, 0, 0, 0, 0, 0, 22, 10, 60
"c:\Users\kukohfr\Desktop\webdesa\public\assets\libs\flot-charts\jquery.flot.selection.js", "JavaScript", 208, 0, 0, 0, 0, 0, 0, 0, 0, 96, 57, 361
"c:\Users\kukohfr\Desktop\webdesa\public\assets\libs\flot-charts\jquery.flot.stack.js", "JavaScript", 118, 0, 0, 0, 0, 0, 0, 0, 0, 46, 25, 189
"c:\Users\kukohfr\Desktop\webdesa\public\assets\libs\flot-charts\jquery.flot.time.js", "JavaScript", 308, 0, 0, 0, 0, 0, 0, 0, 0, 44, 81, 433
"c:\Users\kukohfr\Desktop\webdesa\public\assets\libs\flot-charts\jquery.flot.tooltip.min.js", "JavaScript", 1, 0, 0, 0, 0, 0, 0, 0, 0, 11, 0, 12
"c:\Users\kukohfr\Desktop\webdesa\public\assets\libs\fullcalendar\fullcalendar.min.css", "CSS", 0, 0, 0, 0, 0, 0, 1, 0, 0, 4, 0, 5
"c:\Users\kukohfr\Desktop\webdesa\public\assets\libs\fullcalendar\fullcalendar.min.js", "JavaScript", 7, 0, 0, 0, 0, 0, 0, 0, 0, 5, 0, 12
"c:\Users\kukohfr\Desktop\webdesa\public\assets\libs\gmaps\gmaps.min.js", "JavaScript", 1, 0, 0, 0, 0, 0, 0, 0, 0, 1, 0, 2
"c:\Users\kukohfr\Desktop\webdesa\public\assets\libs\ion-rangeslider\ion.rangeSlider.css", "CSS", 0, 0, 0, 0, 0, 0, 670, 0, 0, 5, 1, 676
"c:\Users\kukohfr\Desktop\webdesa\public\assets\libs\ion-rangeslider\ion.rangeSlider.min.js", "JavaScript", 1, 0, 0, 0, 0, 0, 0, 0, 0, 1, 0, 2
"c:\Users\kukohfr\Desktop\webdesa\public\assets\libs\jquery-knob\jquery.knob.min.js", "JavaScript", 1, 0, 0, 0, 0, 0, 0, 0, 0, 0, 0, 1
"c:\Users\kukohfr\Desktop\webdesa\public\assets\libs\jquery-mask-plugin\jquery.mask.min.js", "JavaScript", 17, 0, 0, 0, 0, 0, 0, 0, 0, 2, 1, 20
"c:\Users\kukohfr\Desktop\webdesa\public\assets\libs\jquery-sparkline\jquery.sparkline.min.js", "JavaScript", 2, 0, 0, 0, 0, 0, 0, 0, 0, 0, 1, 3
"c:\Users\kukohfr\Desktop\webdesa\public\assets\libs\jquery-steps\jquery.steps.min.js", "JavaScript", 1, 0, 0, 0, 0, 0, 0, 0, 0, 5, 0, 6
"c:\Users\kukohfr\Desktop\webdesa\public\assets\libs\jquery-toast\jquery.toast.min.css", "CSS", 0, 0, 0, 0, 0, 0, 1, 0, 0, 0, 0, 1
"c:\Users\kukohfr\Desktop\webdesa\public\assets\libs\jquery-toast\jquery.toast.min.js", "JavaScript", 1, 0, 0, 0, 0, 0, 0, 0, 0, 0, 0, 1
"c:\Users\kukohfr\Desktop\webdesa\public\assets\libs\jquery-ui\jquery-ui.min.js", "JavaScript", 8, 0, 0, 0, 0, 0, 0, 0, 0, 4, 1, 13
"c:\Users\kukohfr\Desktop\webdesa\public\assets\libs\jqvmap\jquery.vmap.canada.js", "JavaScript", 1, 0, 0, 0, 0, 0, 0, 0, 0, 1, 0, 2
"c:\Users\kukohfr\Desktop\webdesa\public\assets\libs\jqvmap\jquery.vmap.germany.js", "JavaScript", 1, 0, 0, 0, 0, 0, 0, 0, 0, 1, 1, 3
"c:\Users\kukohfr\Desktop\webdesa\public\assets\libs\jqvmap\jquery.vmap.iran.js", "JavaScript", 1, 0, 0, 0, 0, 0, 0, 0, 0, 5, 1, 7
"c:\Users\kukohfr\Desktop\webdesa\public\assets\libs\jqvmap\jquery.vmap.min.js", "JavaScript", 1, 0, 0, 0, 0, 0, 0, 0, 0, 8, 1, 10
"c:\Users\kukohfr\Desktop\webdesa\public\assets\libs\jqvmap\jquery.vmap.usa.js", "JavaScript", 1, 0, 0, 0, 0, 0, 0, 0, 0, 1, 1, 3
"c:\Users\kukohfr\Desktop\webdesa\public\assets\libs\jqvmap\jquery.vmap.world.js", "JavaScript", 1, 0, 0, 0, 0, 0, 0, 0, 0, 1, 1, 3
"c:\Users\kukohfr\Desktop\webdesa\public\assets\libs\jqvmap\jqvmap.min.css", "CSS", 0, 0, 0, 0, 0, 0, 1, 0, 0, 0, 1, 2
"c:\Users\kukohfr\Desktop\webdesa\public\assets\libs\moment\moment.min.js", "JavaScript", 1, 0, 0, 0, 0, 0, 0, 0, 0, 0, 0, 1
"c:\Users\kukohfr\Desktop\webdesa\public\assets\libs\parsleyjs\parsley.min.js", "JavaScript", 3, 0, 0, 0, 0, 0, 0, 0, 0, 15, 1, 19
"c:\Users\kukohfr\Desktop\webdesa\public\assets\libs\rwd-table\rwd-table.min.css", "CSS", 0, 0, 0, 0, 0, 0, 1, 0, 0, 6, 0, 7
"c:\Users\kukohfr\Desktop\webdesa\public\assets\libs\rwd-table\rwd-table.min.js", "JavaScript", 1, 0, 0, 0, 0, 0, 0, 0, 0, 6, 0, 7
"c:\Users\kukohfr\Desktop\webdesa\public\assets\libs\select2\select2.min.css", "CSS", 0, 0, 0, 0, 0, 0, 1, 0, 0, 0, 1, 2
"c:\Users\kukohfr\Desktop\webdesa\public\assets\libs\select2\select2.min.js", "JavaScript", 1, 0, 0, 0, 0, 0, 0, 0, 0, 0, 0, 1
"c:\Users\kukohfr\Desktop\webdesa\public\assets\libs\summernote\summernote-bs4.css", "CSS", 0, 0, 0, 0, 0, 0, 1, 0, 0, 0, 0, 1
"c:\Users\kukohfr\Desktop\webdesa\public\assets\libs\summernote\summernote-bs4.min.js", "JavaScript", 1, 0, 0, 0, 0, 0, 0, 0, 0, 1, 1, 3
"c:\Users\kukohfr\Desktop\webdesa\public\assets\libs\sweetalert2\sweetalert2.min.css", "CSS", 0, 0, 0, 0, 0, 0, 1, 0, 0, 0, 0, 1
"c:\Users\kukohfr\Desktop\webdesa\public\assets\libs\sweetalert2\sweetalert2.min.js", "JavaScript", 1, 0, 0, 0, 0, 0, 0, 0, 0, 0, 0, 1
"c:\Users\kukohfr\Desktop\webdesa\public\assets\libs\switchery\switchery.min.css", "CSS", 0, 0, 0, 0, 0, 0, 1, 0, 0, 0, 0, 1
"c:\Users\kukohfr\Desktop\webdesa\public\assets\libs\switchery\switchery.min.js", "JavaScript", 1, 0, 0, 0, 0, 0, 0, 0, 0, 0, 0, 1
"c:\Users\kukohfr\Desktop\webdesa\public\assetz\css\animate.css", "CSS", 0, 0, 0, 0, 0, 0, 3055, 0, 0, 11, 558, 3624
"c:\Users\kukohfr\Desktop\webdesa\public\assetz\css\bootstrap.min.css", "CSS", 0, 0, 0, 0, 0, 0, 8231, 0, 0, 7, 1035, 9273
"c:\Users\kukohfr\Desktop\webdesa\public\assetz\css\flaticon.css", "CSS", 0, 0, 0, 0, 0, 0, 28, 0, 0, 4, 4, 36
"c:\Users\kukohfr\Desktop\webdesa\public\assetz\css\font-awesome.min.css", "CSS", 0, 0, 0, 0, 0, 0, 1, 0, 0, 3, 1, 5
"c:\Users\kukohfr\Desktop\webdesa\public\assetz\css\gijgo.css", "CSS", 0, 0, 0, 0, 0, 0, 2222, 0, 0, 59, 423, 2704
"c:\Users\kukohfr\Desktop\webdesa\public\assetz\css\magnific-popup.css", "CSS", 0, 0, 0, 0, 0, 0, 310, 0, 0, 6, 36, 352
"c:\Users\kukohfr\Desktop\webdesa\public\assetz\css\nice-select.css", "CSS", 0, 0, 0, 0, 0, 0, 127, 0, 0, 1, 12, 140
"c:\Users\kukohfr\Desktop\webdesa\public\assetz\css\owl.carousel.min.css", "CSS", 0, 0, 0, 0, 0, 0, 1, 0, 0, 5, 0, 6
"c:\Users\kukohfr\Desktop\webdesa\public\assetz\css\slicknav.css", "CSS", 0, 0, 0, 0, 0, 0, 214, 0, 0, 22, 16, 252
"c:\Users\kukohfr\Desktop\webdesa\public\assetz\css\style.css", "CSS", 0, 0, 0, 0, 0, 0, 4569, 0, 0, 873, 814, 6256
"c:\Users\kukohfr\Desktop\webdesa\public\assetz\css\theme-default.css", "CSS", 0, 0, 0, 0, 0, 0, 258, 0, 0, 55, 47, 360
"c:\Users\kukohfr\Desktop\webdesa\public\assetz\css\themify-icons.css", "CSS", 0, 0, 0, 0, 0, 0, 1076, 0, 0, 2, 4, 1082
"c:\Users\kukohfr\Desktop\webdesa\public\assetz\fonts\Flaticon.svg", "XML", 0, 0, 0, 65, 0, 0, 0, 0, 0, 3, 2, 70
"c:\Users\kukohfr\Desktop\webdesa\public\assetz\fonts\fa-brands-400.svg", "XML", 0, 0, 0, 1004, 0, 0, 0, 0, 0, 4, 1, 1009
"c:\Users\kukohfr\Desktop\webdesa\public\assetz\fonts\fa-regular-400.svg", "XML", 0, 0, 0, 362, 0, 0, 0, 0, 0, 4, 1, 367
"c:\Users\kukohfr\Desktop\webdesa\public\assetz\fonts\fa-solid-900.svg", "XML", 0, 0, 0, 1463, 0, 0, 0, 0, 0, 4, 1, 1468
"c:\Users\kukohfr\Desktop\webdesa\public\assetz\fonts\flaticon.css", "CSS", 0, 0, 0, 0, 0, 0, 27, 0, 0, 4, 4, 35
"c:\Users\kukohfr\Desktop\webdesa\public\assetz\fonts\fontawesome-webfont.svg", "XML", 0, 0, 0, 2671, 0, 0, 0, 0, 0, 0, 1, 2672
"c:\Users\kukohfr\Desktop\webdesa\public\assetz\fonts\gijgo-material.svg", "XML", 0, 0, 0, 91, 0, 0, 0, 0, 0, 0, 0, 91
"c:\Users\kukohfr\Desktop\webdesa\public\assetz\fonts\themify.svg", "XML", 0, 0, 0, 362, 0, 0, 0, 0, 0, 0, 0, 362
"c:\Users\kukohfr\Desktop\webdesa\public\assetz\js\ajax-form.js", "JavaScript", 28, 0, 0, 0, 0, 0, 0, 0, 0, 11, 10, 49
"c:\Users\kukohfr\Desktop\webdesa\public\assetz\js\bootstrap.min.js", "JavaScript", 1, 0, 0, 0, 0, 0, 0, 0, 0, 6, 0, 7
"c:\Users\kukohfr\Desktop\webdesa\public\assetz\js\contact.js", "JavaScript", 79, 0, 0, 0, 0, 0, 0, 0, 0, 1, 5, 85
"c:\Users\kukohfr\Desktop\webdesa\public\assetz\js\gijgo.min.js", "JavaScript", 1, 0, 0, 0, 0, 0, 0, 0, 0, 0, 0, 1
"c:\Users\kukohfr\Desktop\webdesa\public\assetz\js\imagesloaded.pkgd.min.js", "JavaScript", 1, 0, 0, 0, 0, 0, 0, 0, 0, 5, 1, 7
"c:\Users\kukohfr\Desktop\webdesa\public\assetz\js\isotope.pkgd.min.js", "JavaScript", 2, 0, 0, 0, 0, 0, 0, 0, 0, 9, 1, 12
"c:\Users\kukohfr\Desktop\webdesa\public\assetz\js\jquery.ajaxchimp.min.js", "JavaScript", 106, 0, 0, 0, 0, 0, 0, 0, 0, 2, 12, 120
"c:\Users\kukohfr\Desktop\webdesa\public\assetz\js\jquery.counterup.min.js", "JavaScript", 1, 0, 0, 0, 0, 0, 0, 0, 0, 7, 0, 8
"c:\Users\kukohfr\Desktop\webdesa\public\assetz\js\jquery.form.js", "JavaScript", 822, 0, 0, 0, 0, 0, 0, 0, 0, 238, 115, 1175
"c:\Users\kukohfr\Desktop\webdesa\public\assetz\js\jquery.magnific-popup.min.js", "JavaScript", 1, 0, 0, 0, 0, 0, 0, 0, 0, 3, 0, 4
"c:\Users\kukohfr\Desktop\webdesa\public\assetz\js\jquery.scrollUp.min.js", "JavaScript", 1, 0, 0, 0, 0, 0, 0, 0, 0, 6, 0, 7
"c:\Users\kukohfr\Desktop\webdesa\public\assetz\js\jquery.slicknav.min.js", "JavaScript", 1, 0, 0, 0, 0, 0, 0, 0, 0, 5, 0, 6
"c:\Users\kukohfr\Desktop\webdesa\public\assetz\js\jquery.validate.min.js", "JavaScript", 1, 0, 0, 0, 0, 0, 0, 0, 0, 1, 0, 2
"c:\Users\kukohfr\Desktop\webdesa\public\assetz\js\mail-script.js", "JavaScript", 26, 0, 0, 0, 0, 0, 0, 0, 0, 2, 3, 31
"c:\Users\kukohfr\Desktop\webdesa\public\assetz\js\main.js", "JavaScript", 286, 0, 0, 0, 0, 0, 0, 0, 0, 38, 37, 361
"c:\Users\kukohfr\Desktop\webdesa\public\assetz\js\nice-select.min.js", "JavaScript", 1, 0, 0, 0, 0, 0, 0, 0, 0, 3, 0, 4
"c:\Users\kukohfr\Desktop\webdesa\public\assetz\js\owl.carousel.min.js", "JavaScript", 2, 0, 0, 0, 0, 0, 0, 0, 0, 5, 0, 7
"c:\Users\kukohfr\Desktop\webdesa\public\assetz\js\plugins.js", "JavaScript", 18, 0, 0, 0, 0, 0, 0, 0, 0, 3, 4, 25
"c:\Users\kukohfr\Desktop\webdesa\public\assetz\js\popper.min.js", "JavaScript", 1, 0, 0, 0, 0, 0, 0, 0, 0, 4, 1, 6
"c:\Users\kukohfr\Desktop\webdesa\public\assetz\js\scrollIt.js", "JavaScript", 67, 0, 0, 0, 0, 0, 0, 0, 0, 45, 18, 130
"c:\Users\kukohfr\Desktop\webdesa\public\assetz\js\vendor\jquery-1.12.4.min.js", "JavaScript", 4, 0, 0, 0, 0, 0, 0, 0, 0, 1, 1, 6
"c:\Users\kukohfr\Desktop\webdesa\public\assetz\js\vendor\modernizr-3.5.0.min.js", "JavaScript", 1, 0, 0, 0, 0, 0, 0, 0, 0, 2, 0, 3
"c:\Users\kukohfr\Desktop\webdesa\public\assetz\js\waypoints.min.js", "JavaScript", 1, 0, 0, 0, 0, 0, 0, 0, 0, 7, 0, 8
"c:\Users\kukohfr\Desktop\webdesa\public\assetz\js\wow.min.js", "JavaScript", 1, 0, 0, 0, 0, 0, 0, 0, 0, 1, 0, 2
"c:\Users\kukohfr\Desktop\webdesa\public\assetz\scss\_about.scss", "SCSS", 0, 0, 0, 0, 186, 0, 0, 0, 0, 0, 3, 189
"c:\Users\kukohfr\Desktop\webdesa\public\assetz\scss\_blog.scss", "SCSS", 0, 0, 0, 0, 1034, 0, 0, 0, 0, 187, 280, 1501
"c:\Users\kukohfr\Desktop\webdesa\public\assetz\scss\_blog_part.scss", "SCSS", 0, 0, 0, 0, 169, 0, 0, 0, 0, 1, 6, 176
"c:\Users\kukohfr\Desktop\webdesa\public\assetz\scss\_bradcam.scss", "SCSS", 0, 0, 0, 0, 162, 0, 0, 0, 0, 6, 2, 170
"c:\Users\kukohfr\Desktop\webdesa\public\assetz\scss\_btn.scss", "SCSS", 0, 0, 0, 0, 168, 0, 0, 0, 0, 5, 2, 175
"c:\Users\kukohfr\Desktop\webdesa\public\assetz\scss\_contact.scss", "SCSS", 0, 0, 0, 0, 121, 0, 0, 0, 0, 9, 24, 154
"c:\Users\kukohfr\Desktop\webdesa\public\assetz\scss\_department.scss", "SCSS", 0, 0, 0, 0, 56, 0, 0, 0, 0, 0, 0, 56
"c:\Users\kukohfr\Desktop\webdesa\public\assetz\scss\_elements.scss", "SCSS", 0, 0, 0, 0, 1054, 0, 0, 0, 0, 1, 46, 1101
"c:\Users\kukohfr\Desktop\webdesa\public\assetz\scss\_emergency_contact.scss", "SCSS", 0, 0, 0, 0, 40, 0, 0, 0, 0, 1, 0, 41
"c:\Users\kukohfr\Desktop\webdesa\public\assetz\scss\_experts.scss", "SCSS", 0, 0, 0, 0, 106, 0, 0, 0, 0, 4, 0, 110
"c:\Users\kukohfr\Desktop\webdesa\public\assetz\scss\_extend.scss", "SCSS", 0, 0, 0, 0, 11, 0, 0, 0, 0, 0, 0, 11
"c:\Users\kukohfr\Desktop\webdesa\public\assetz\scss\_footer.scss", "SCSS", 0, 0, 0, 0, 167, 0, 0, 0, 0, 0, 4, 171
"c:\Users\kukohfr\Desktop\webdesa\public\assetz\scss\_header.scss", "SCSS", 0, 0, 0, 0, 257, 0, 0, 0, 0, 29, 4, 290
"c:\Users\kukohfr\Desktop\webdesa\public\assetz\scss\_mixins.scss", "SCSS", 0, 0, 0, 0, 109, 0, 0, 0, 0, 12, 13, 134
"c:\Users\kukohfr\Desktop\webdesa\public\assetz\scss\_offers.scss", "SCSS", 0, 0, 0, 0, 389, 0, 0, 0, 0, 9, 9, 407
"c:\Users\kukohfr\Desktop\webdesa\public\assetz\scss\_responsive.scss", "SCSS", 0, 0, 0, 0, 5, 0, 0, 0, 0, 5, 6, 16
"c:\Users\kukohfr\Desktop\webdesa\public\assetz\scss\_section_title.scss", "SCSS", 0, 0, 0, 0, 52, 0, 0, 0, 0, 0, 1, 53
"c:\Users\kukohfr\Desktop\webdesa\public\assetz\scss\_service.scss", "SCSS", 0, 0, 0, 0, 42, 0, 0, 0, 0, 0, 1, 43
"c:\Users\kukohfr\Desktop\webdesa\public\assetz\scss\_slick-nav.scss", "SCSS", 0, 0, 0, 0, 99, 0, 0, 0, 0, 2, 4, 105
"c:\Users\kukohfr\Desktop\webdesa\public\assetz\scss\_slider.scss", "SCSS", 0, 0, 0, 0, 54, 0, 0, 0, 0, 0, 0, 54
"c:\Users\kukohfr\Desktop\webdesa\public\assetz\scss\_tesmonial.scss", "SCSS", 0, 0, 0, 0, 63, 0, 0, 0, 0, 0, 0, 63
"c:\Users\kukohfr\Desktop\webdesa\public\assetz\scss\_varriable.scss", "SCSS", 0, 0, 0, 0, 35, 0, 0, 0, 0, 3, 9, 47
"c:\Users\kukohfr\Desktop\webdesa\public\assetz\scss\style.scss", "SCSS", 0, 0, 0, 0, 23, 0, 0, 0, 0, 10, 22, 55
"c:\Users\kukohfr\Desktop\webdesa\public\assetz\scss\theme-default.scss", "SCSS", 0, 0, 0, 0, 263, 0, 0, 0, 0, 32, 20, 315
"c:\Users\kukohfr\Desktop\webdesa\public\index.php", "PHP", 0, 10, 0, 0, 0, 0, 0, 0, 0, 39, 12, 61
"c:\Users\kukohfr\Desktop\webdesa\public\web.config", "XML", 0, 0, 0, 23, 0, 0, 0, 0, 0, 5, 1, 29
"c:\Users\kukohfr\Desktop\webdesa\resources\js\app.js", "JavaScript", 1, 0, 0, 0, 0, 0, 0, 0, 0, 0, 1, 2
"c:\Users\kukohfr\Desktop\webdesa\resources\js\bootstrap.js", "JavaScript", 3, 0, 0, 0, 0, 0, 0, 0, 0, 18, 8, 29
"c:\Users\kukohfr\Desktop\webdesa\resources\lang\en\auth.php", "PHP", 0, 5, 0, 0, 0, 0, 0, 0, 0, 10, 5, 20
"c:\Users\kukohfr\Desktop\webdesa\resources\lang\en\pagination.php", "PHP", 0, 5, 0, 0, 0, 0, 0, 0, 0, 10, 5, 20
"c:\Users\kukohfr\Desktop\webdesa\resources\lang\en\passwords.php", "PHP", 0, 8, 0, 0, 0, 0, 0, 0, 0, 10, 5, 23
"c:\Users\kukohfr\Desktop\webdesa\resources\lang\en\validation.php", "PHP", 0, 113, 0, 0, 0, 0, 0, 0, 0, 30, 9, 152
"c:\Users\kukohfr\Desktop\webdesa\resources\sass\app.scss", "SCSS", 0, 0, 0, 0, 0, 0, 0, 0, 0, 1, 1, 2
"c:\Users\kukohfr\Desktop\webdesa\resources\views\admin\auth\index.blade.php", "PHP", 0, 0, 0, 0, 0, 0, 0, 0, 0, 0, 1, 1
"c:\Users\kukohfr\Desktop\webdesa\resources\views\admin\auth\management.blade.php", "PHP", 0, 122, 0, 0, 0, 0, 0, 0, 0, 0, 155, 277
"c:\Users\kukohfr\Desktop\webdesa\resources\views\admin\berita\comen.blade.php", "PHP", 0, 81, 0, 0, 0, 0, 0, 0, 0, 0, 18, 99
"c:\Users\kukohfr\Desktop\webdesa\resources\views\admin\berita\index.blade.php", "PHP", 0, 161, 0, 0, 0, 0, 0, 0, 0, 0, 95, 256
"c:\Users\kukohfr\Desktop\webdesa\resources\views\admin\danadesa\index.blade.php", "PHP", 0, 48, 0, 0, 0, 0, 0, 0, 0, 0, 6, 54
"c:\Users\kukohfr\Desktop\webdesa\resources\views\admin\dashboard\index.blade.php", "PHP", 0, 43, 0, 0, 0, 0, 0, 0, 0, 0, 3, 46
"c:\Users\kukohfr\Desktop\webdesa\resources\views\admin\galery\index.blade.php", "PHP", 0, 152, 0, 0, 0, 0, 0, 0, 0, 0, 88, 240
"c:\Users\kukohfr\Desktop\webdesa\resources\views\admin\grafik\index.blade.php", "PHP", 0, 158, 0, 0, 0, 0, 0, 0, 0, 0, 113, 271
"c:\Users\kukohfr\Desktop\webdesa\resources\views\admin\pemasukan\index.blade.php", "PHP", 0, 247, 0, 0, 0, 0, 0, 0, 0, 0, 127, 374
"c:\Users\kukohfr\Desktop\webdesa\resources\views\admin\pemasukan\pemasukan_pdf.blade.php", "PHP", 0, 42, 0, 0, 0, 0, 0, 0, 0, 0, 2, 44
"c:\Users\kukohfr\Desktop\webdesa\resources\views\admin\penduduk\index.blade.php", "PHP", 0, 279, 0, 0, 0, 0, 0, 0, 0, 0, 144, 423
"c:\Users\kukohfr\Desktop\webdesa\resources\views\admin\pengeluaran\index.blade.php", "PHP", 0, 248, 0, 0, 0, 0, 0, 0, 0, 0, 132, 380
"c:\Users\kukohfr\Desktop\webdesa\resources\views\admin\pengeluaran\keungan.blade.php", "PHP", 0, 98, 0, 0, 0, 0, 0, 0, 0, 0, 14, 112
"c:\Users\kukohfr\Desktop\webdesa\resources\views\admin\pengeluaran\pengeluaran_pdf.blade.php", "PHP", 0, 42, 0, 0, 0, 0, 0, 0, 0, 0, 2, 44
"c:\Users\kukohfr\Desktop\webdesa\resources\views\admin\potensi\index.blade.php", "PHP", 0, 176, 0, 0, 0, 0, 0, 0, 0, 1, 74, 251
"c:\Users\kukohfr\Desktop\webdesa\resources\views\admin\quetes\index.blade.php", "PHP", 0, 157, 0, 0, 0, 0, 0, 0, 0, 0, 69, 226
"c:\Users\kukohfr\Desktop\webdesa\resources\views\admin\slider\index.blade.php", "PHP", 0, 186, 0, 0, 0, 0, 0, 0, 0, 0, 74, 260
"c:\Users\kukohfr\Desktop\webdesa\resources\views\admin\structur\index.blade.php", "PHP", 0, 197, 0, 0, 0, 0, 0, 0, 0, 0, 75, 272
"c:\Users\kukohfr\Desktop\webdesa\resources\views\admin\user\index.blade.php", "PHP", 0, 150, 0, 0, 0, 0, 0, 0, 0, 0, 111, 261
"c:\Users\kukohfr\Desktop\webdesa\resources\views\admin\user\setings.blade.php", "PHP", 0, 65, 0, 0, 0, 0, 0, 0, 0, 0, 19, 84
"c:\Users\kukohfr\Desktop\webdesa\resources\views\admin\web\index.blade.php", "PHP", 0, 207, 0, 0, 0, 0, 0, 0, 0, 0, 82, 289
"c:\Users\kukohfr\Desktop\webdesa\resources\views\admin\web\sejarah.blade.php", "PHP", 0, 126, 0, 0, 0, 0, 0, 0, 0, 0, 81, 207
"c:\Users\kukohfr\Desktop\webdesa\resources\views\layouts\master.blade.php", "PHP", 0, 335, 0, 0, 0, 0, 0, 0, 0, 0, 122, 457
"c:\Users\kukohfr\Desktop\webdesa\resources\views\layouts\ui.blade.php", "PHP", 0, 255, 0, 0, 0, 0, 0, 0, 0, 0, 20, 275
"c:\Users\kukohfr\Desktop\webdesa\resources\views\productAjax.blade.php", "PHP", 0, 134, 0, 0, 0, 0, 0, 0, 0, 0, 170, 304
"c:\Users\kukohfr\Desktop\webdesa\resources\views\ui\berita\detail.blade.php", "PHP", 0, 183, 0, 0, 0, 0, 0, 0, 0, 0, 18, 201
"c:\Users\kukohfr\Desktop\webdesa\resources\views\ui\berita\index.blade.php", "PHP", 0, 145, 0, 0, 0, 0, 0, 0, 0, 0, 18, 163
"c:\Users\kukohfr\Desktop\webdesa\resources\views\ui\coba.blade.php", "PHP", 0, 32, 0, 0, 0, 0, 0, 0, 0, 0, 6, 38
"c:\Users\kukohfr\Desktop\webdesa\resources\views\ui\galery\index.blade.php", "PHP", 0, 39, 0, 0, 0, 0, 0, 0, 0, 0, 6, 45
"c:\Users\kukohfr\Desktop\webdesa\resources\views\ui\grafik\agama.blade.php", "PHP", 0, 90, 0, 0, 0, 0, 0, 0, 0, 0, 6, 96
"c:\Users\kukohfr\Desktop\webdesa\resources\views\ui\grafik\jenisklamin.blade.php", "PHP", 0, 90, 0, 0, 0, 0, 0, 0, 0, 0, 6, 96
"c:\Users\kukohfr\Desktop\webdesa\resources\views\ui\grafik\pekerjaan.blade.php", "PHP", 0, 90, 0, 0, 0, 0, 0, 0, 0, 0, 6, 96
"c:\Users\kukohfr\Desktop\webdesa\resources\views\ui\grafik\pendidikan.blade.php", "PHP", 0, 90, 0, 0, 0, 0, 0, 0, 0, 0, 6, 96
"c:\Users\kukohfr\Desktop\webdesa\resources\views\ui\home.blade.php", "PHP", 0, 187, 0, 0, 0, 0, 0, 0, 0, 0, 15, 202
"c:\Users\kukohfr\Desktop\webdesa\resources\views\ui\potensi\detail.blade.php", "PHP", 0, 123, 0, 0, 0, 0, 0, 0, 0, 0, 17, 140
"c:\Users\kukohfr\Desktop\webdesa\resources\views\ui\potensi\index.blade.php", "PHP", 0, 85, 0, 0, 0, 0, 0, 0, 0, 0, 9, 94
"c:\Users\kukohfr\Desktop\webdesa\resources\views\ui\sejarah\index.blade.php", "PHP", 0, 36, 0, 0, 0, 0, 0, 0, 0, 0, 4, 40
"c:\Users\kukohfr\Desktop\webdesa\resources\views\ui\sejarah\visi.blade.php", "PHP", 0, 44, 0, 0, 0, 0, 0, 0, 0, 0, 4, 48
"c:\Users\kukohfr\Desktop\webdesa\resources\views\ui\struktur\index.blade.php", "PHP", 0, 70, 0, 0, 0, 0, 0, 0, 0, 0, 12, 82
"c:\Users\kukohfr\Desktop\webdesa\resources\views\welcome.blade.php", "PHP", 0, 65, 0, 0, 0, 0, 0, 0, 0, 0, 17, 82
"c:\Users\kukohfr\Desktop\webdesa\routes\api.php", "PHP", 0, 5, 0, 0, 0, 0, 0, 0, 0, 10, 4, 19
"c:\Users\kukohfr\Desktop\webdesa\routes\channels.php", "PHP", 0, 4, 0, 0, 0, 0, 0, 0, 0, 10, 3, 17
"c:\Users\kukohfr\Desktop\webdesa\routes\console.php", "PHP", 0, 5, 0, 0, 0, 0, 0, 0, 0, 10, 4, 19
"c:\Users\kukohfr\Desktop\webdesa\routes\web.php", "PHP", 0, 51, 0, 0, 0, 0, 0, 0, 0, 23, 27, 101
"c:\Users\kukohfr\Desktop\webdesa\server.php", "PHP", 0, 8, 0, 0, 0, 0, 0, 0, 0, 9, 5, 22
"c:\Users\kukohfr\Desktop\webdesa\tests\CreatesApplication.php", "PHP", 0, 12, 0, 0, 0, 0, 0, 0, 0, 5, 6, 23
"c:\Users\kukohfr\Desktop\webdesa\tests\Feature\ExampleTest.php", "PHP", 0, 12, 0, 0, 0, 0, 0, 0, 0, 5, 5, 22
"c:\Users\kukohfr\Desktop\webdesa\tests\TestCase.php", "PHP", 0, 7, 0, 0, 0, 0, 0, 0, 0, 0, 4, 11
"c:\Users\kukohfr\Desktop\webdesa\tests\Unit\ExampleTest.php", "PHP", 0, 10, 0, 0, 0, 0, 0, 0, 0, 5, 4, 19
"c:\Users\kukohfr\Desktop\webdesa\vendor\spatie\ignition\resources\compiled\ignition.css", "CSS", 0, 0, 0, 0, 0, 0, 1, 0, 0, 2, 0, 3
"c:\Users\kukohfr\Desktop\webdesa\vendor\spatie\ignition\resources\compiled\ignition.js", "JavaScript", 6, 0, 0, 0, 0, 0, 0, 0, 0, 0, 1, 7
"c:\Users\kukohfr\Desktop\webdesa\webdeasa(1).sql", "SQL", 0, 0, 356, 0, 0, 0, 0, 0, 0, 249, 132, 737
"c:\Users\kukohfr\Desktop\webdesa\webdeasa.sql", "SQL", 0, 0, 358, 0, 0, 0, 0, 0, 0, 252, 134, 744
"c:\Users\kukohfr\Desktop\webdesa\webpack.mix.js", "JavaScript", 3, 0, 0, 0, 0, 0, 0, 0, 0, 10, 3, 16
"Total", "-", 20273, 8053, 714, 29204, 4665, 9189, 49727, 59, 13, 8974, 21133, 152004